"labCode","siteName","lat","long","c14date","c14std","country","siteID"
"BETA-55052","Hallan Cemi Tepsi",38.31,41.27,10590,170,"Turkey",1
"GrN-8103","Cayönü",38.23,39.65,10430,80,"Turkey",2
"ETH-39511","Kortik Tepe",37.823,40.9719,10100,60,"Turkey",3
"FN-1138Ac","Akrotiri Aetokremnos",34.6021,32.9551,10045,69,"Cyprus",4
"OxA-12488","Demirköy Höyük",37.8833,41.0833,9930,50,"Turkey",5
"Muse41/SacA-25310","Klimonas",34.7163,33.1292,9590,50,"Cyprus",6
"Hd-20036","Göbekli",37.2167,38.9167,9559,53,"Turkey",7
"AA-49102","Mezraa Teleilat",38.4833,37.4167,9324,59,"Turkey",8
"OxA-7460","Kissonerga-Mylouthkia",34.825,32.42,9315,60,"Cyprus",9
"Ly-290","Parekklisha-Shillourokambos",34.7458,33.1583,9310,80,"Cyprus",10
"OxA-5500","Pınarbaşı",38.7222,36.3911,9290,80,"Turkey",11
"OxA-8303","Nevali Cori",37.5833,38.65,9280,55,"Turkey",12
"P-2972","Khirokitia/Shillourokambos",34.8,33.35,9240,130,"Cyprus",13
"OxA-27408","Akanthou–Arkosyko",35.4041,33.7479,9050,39,"Cyprus",14
"GifA-100396","Kaletepe",38.28,34.57,9030,80,"Turkey",15
"Ly-4437","Cafer Höyük",38.46,38.78,8950,80,"Turkey",16
"GrN-19116","Asikli Höyük",38.37,34.25,8920,50,"Turkey",17
"Beta-138548","Akarcay Tepe",36.9167,38.0167,8750,40,"Turkey",18
"BM-127","Hacilar Aceramic",37.58,30.08,8700,180,"Turkey",19
"Beta-13216","Gritille",37.55,38.567,8610,90,"Turkey",20
"Beta-183650","Kritou-Marottou",34.9292,32.5625,8600,40,"Cyprus",21
"HU-11","Canhasan III",37.5,33.5,8584,65,"Turkey",22
"KIA-30926","Musular",38.34,34.22,8450,45,"Turkey",23
"GrN-12510","Hayaz Höyük",37.4,37.95,8300,60,"Turkey",24
"P-1391","Suberde",37.34,31.95,8249,91,"Turkey",25
"GrN-3039","Elateia",38.61,22.73,8240,110,"Greece",26
"Q-655","Nea Nikomedeia",40.6,22.25,8180,150,"Greece",27
"UCLA-1657A","Argissa Magoula",39.63,22.46,8130,100,"Greece",28
"OxA-9775","Çatal Höyük",37.65,32.8167,8090,55,"Turkey",29
"CAMS-21733","Theopetra Cave",38.46,23.23,8070,60,"Greece",30
"BM-124","Knossos",35.51,25.16,8050,180,"Greece",31
"P-2974","Kalavasos-Tenta",34.75,33.3,8020,90,"Cyprus",32
"IGAN-772","Magzalia",36.66,42.5,8010,50,"Turkey",33
"P-2775","Dhali-Agridhi",35.03,33.43,7990,80,"Cyprus",34
"P-2095","Franchthi Cave",37.43,23.13,7980,110,"Greece",35
"Bln-885","Sitagroi",41.15,24.2,7980,150,"Greece",36
"GrN-12652","Kumartepe",37.483,38.483,7930,80,"Turkey",37
"Rome-467","Yumuktepe",36.783,34.567,7920,90,"Turkey",38
"Beta-250265","Ulucak",38.4653,27.3519,7910,50,"Turkey",39
"DEM-636","Kyklopas Cave",39.36,24.16,7780,32,"Greece",40
"MC-805","Cape - Andreas-Kastros",35.7,34.5833,7775,125,"Cyprus",41
"P-1681","Sesklo",39.38,22.81,7755,97,"Greece",42
"I-5151","Erbaba",37.765,31.683,7730,120,"Turkey",43
"Gd-15365","Maroulas on Kythnos",37.383,24.4166,7680,120,"Greece",44
"GXO-771","Sidari",39.78,19.73,7670,120,"Greece",45
"DEM-1680","Mavropigi",40.4485,21.7332,7660,25,"Greece",46
"Bln-4609","Hoca Cesme",40.7,26.1167,7637,43,"Turkey",47
"Lyon-7631","Dikili Tash",41,24.25,7560,35,"Greece",48
"HD-14219","Höyücek",37.45,30.567,7556,45,"Turkey",49
"R-285","Praia di Mare",40.4236,17.2336,7555,85,"Italy",50
"LJ-3180","Achilleion",39.28,22.38,7550,60,"Greece",51
"GrN-25819","Mentese",40.267,29.5167,7550,50,"Turkey",52
"Hd-20910","Bademagaci",37.4,30.5,7546,41,"Turkey",53
"Bln-1571","Poljanica Platoto",43.2,26.67,7535,60,"Bulgaria",54
"koln","Yesilova",38.4358,27.2073,7505,37,"Turkey",55
"Ki-6697","Sokol'tsy II",48.7891,29.129,7470,60,"Ukraine",56
"Bln-1056","Ogradena-Icoana",44.6447,22.2977,7445,80,"Romania",57
"HD-10818","Karain B",37.067,30.55,7420,70,"Turkey",58
"Bln-587","Soroki",48.1658,28.2996,7420,80,"Moldova",59
"Ly-6045","La Lede du Gurp",45.44417,-1.08972,7360,85,"France",60
"Ly-4704","La Roche aux Fées",45.98,0.98,7360,80,"France",61
"HD-12915","Kurucay Höyük",37.6167,30.15,7310,70,"Turkey",62
"Ki-6693","Pechera",48.8559,28.7196,7305,50,"Ukraine",63
"Bln-293","Azmak",42.45,25.76,7303,150,"Bulgaria",64
"z-1967","Vela Spilja cave",42.97,16.73,7300,120,"Croatia",65
"Gif-6339","Scamuso",41.1,16.89,7290,110,"Italy",66
"Beta-67093","Terragne",40.4,17.6333,7260,60,"Italy",67
"Ki-4022","Kamyana Mohyla",46.9767,35.425,7250,95,"Ukraine",68
"OxA-20246","Kovacevo",41.45,23.4333,7245,36,"Bulgaria",69
"Ki-6691","Surskoi",48.4328,34.996,7245,60,"Ukraine",70
"Ki-6651","Baz’kov Ostrov",50.394,24.1698,7235,60,"Ukraine",71
"Bln-3579H","Gulubnik",42.4,23.25,7220,80,"Bulgaria",72
"LJ–3032","Anza",41.7,22,7210,50,"Macedonia",73
"GrN-19658","Mendandia",42.7189,-2.5956,7210,80,"Spain",74
"Bln-1583","Cavdar",42.6599,24.056,7208,52,"Bulgaria",75
"GrN-19351","Ilipinar",40.467,29.3,7195,40,"Turkey",76
"GrN-10315","Gudnja Pecina",42.6511,18.0758,7170,70,"Croatia",77
"KIA-13941","La Revilla del Campo",41.1726,-2.53,7165,37,"Spain",78
"OxA-8605","Berlez-Batka ""C""",48.3833,20.1833,7145,50,"Slovakia",79
"GrA-24137","Gura Baciului",45.7164,25.5898,7140,45,"Romania",80
"KIA-16576","La Lampara",41.1726,-2.53,7136,33,"Spain",81
"LTL-142A","Pulo di Molfetta",41.1948,16.5752,7134,60,"Italy",82
"MC-2292","Masseria Giuffreda",41.5833,15.4166,7125,50,"Italy",83
"Ki-6689","Semenovka",45.371,35.7611,7125,60,"Ukraine",84
"GrN-28110","Ocna Sibiului",45.8751,24.0667,7120,60,"Romania",85
"Bln-4336","Karanovo",42.5,25.93,7110,50,"Bulgaria",86
"LJ-4548","Rendina",41,16,7110,140,"Italy",87
"Beta-251910","Vinkovci-Sopot",45.265,18.7721,7100,50,"Slovenia",88
"Ly-7625","Pontcharaud",45.78,3.08,7095,50,"France",89
"Bln-75","Gyálarét",46.25,20.1667,7090,100,"Hungary",90
"PSU-5293/UCIAMS-116205","Pokrovnik",43.8625,16.15556,7090,25,"Croatia",91
"DEM-163","Platia Magoula Zakrou",36.95,22.76,7083,44,"Greece",92
"GrN-28454","Foeni-Salas",45.5,20.8832,7080,50,"Romania",93
"IAAA-120698","Haci Elamxahli Tepe",41.2517,45.6165,7080,30,"Azerbaijan",94
"DEM-564","Limenaria",40.6282,24.5761,7073,165,"Greece",95
"PSU-5612/UCIAMS-127394","Rašinovac",43.88,15.85,7070,25,"Croatia",96
"GrN-28114","Seusa",46.05,23.6166,7070,60,"Romania",97
"Z-3586","Slavonski Brod-Galovo",45.1834,18.0432,7061,152,"Croatia",98
"Beta-56415","Konispol",39.65,20.18,7060,110,"Albania",99
"OxA-9336","Pitvaros",46.3196,20.7387,7060,45,"Hungary",100
"GrN-28520","Miercurea Sibiului",45.8907,23.7937,7050,70,"Romania",101
"W-660","Hassuna",36.1,43.2,7040,200,"Turkey",102
"AA-68561","Aknashen",40.1016,44.2941,7035,69,"Armenia",103
"OxA-9396","Deszk-Olajkút",46.21,20.25,7030,50,"Hungary",104
"Beta-103488","Grapceva Cave",43.148,16.7552,7030,60,"Croatia",105
"Bln-3238","Eleshnitsa 2",41.85,23.62,7010,60,"Bulgaria",106
"C z-579","Gospodska",43.91667,16.4,7010,90,"Croatia",107
"R-350","Scaramella",41.5,15.68,7000,100,"Italy",108
"UCIAMS-121529","Masis Blur",39.9887,44.4667,6995,20,"Armenia",109
"Z-2923","Zadubravlje-Duzine",45.1655,18.1535,6995,115,"Croatia",110
"MC-1367","Abri de la Poujade",44.11,3.16,6990,120,"France",111
"Utc-1342","Defensola",41.8978,16.156,6990,80,"Italy",112
"GrN-28111","Dudestii Vechi",43.0636,20.4772,6990,50,"Romania",113
"Ki-9247","Moravany",48.7393,21.7855,6990,110,"Slovakia",114
"SI-2217","Odmut",45.2,19.83,6985,100,"Montenegro",115
"Ki-6654","Savran",48.2539,30.5822,6985,60,"Ukraine",116
"UB-2423","Arene Candide",44.5,8.5,6980,115,"Italy",117
"GIF-6724","Grotta S. Angelo di Os",40.7288,17.5774,6980,70,"Italy",118
"OxA-14353","Krovili",40.9499,25.5635,6980,65,"Greece",119
"GrN-15236","Tinj Podlivade",44.0209,15.4754,6980,60,"Croatia",120
"TAN-88248","Trasano 1",40.6667,16.6,6980,130,"Italy",121
"Deb-2730","Röszke-Lúdvár",46.1833,20.05,6972,59,"Hungary",122
"Bln-3504","Slatina",42.6823,23.3771,6970,60,"Bulgaria",123
"OxA-9399","Maroslele-Pana",46.2667,20.35,6965,50,"Hungary",124
"TAN-88066","Torre Sabea",40.25,15.1833,6960,130,"Italy",125
"LTL-202A","Favella",39.6696,16.4485,6956,65,"Italy",126
"Grn-6246","Girikihacian",38.25,39.97,6950,45,"Turkey",127
"MC-756","Grotta Pollera",44.4078,8.9309,6950,100,"Italy",128
"SacA-30643/Gif-12232","Mentesh Tepe",41.0945,45.6325,6950,40,"Azerbaijan",129
"AA-64175","Aratashen",40.1356,44.2348,6948,73,"Armenia",130
"GrN-10319","Endrod",47.91,21.83,6945,50,"Hungary",131
"Beta-60773","Forcas II",42.3138,0.433,6940,90,"Spain",132
"Ly-6946","Vougliameni Limni",37.9,23.86,6940,60,"Greece",133
"Sac-1321","Cabranosa",37.0387,-8.9527,6930,65,"Portugal",134
"P-2946","Piana di Curingia",38.82,16.25,6930,60,"Italy",135
"GrA-25621","Foeni Gaz",45.5,20.8832,6925,45,"Romania",136
"OxA-9335","Ecsegfalva",47.15,20.91667,6920,50,"Hungary",137
"ICEN-873","Padrão",37.0579,-8.8853,6920,60,"Portugal",138
"deb-11890","Tiszaszőlős-Domaháza-puszta",47.5864,20.7139,6920,50,"Hungary",139
"Ly-33","Le Singlier",44.68,1.71,6915,70,"France",140
"GrN-6702","Grotte de Gazel",43.25,2.75,6905,90,"France",141
"BM-1157","Servia/Varytimides",40.1797,21.9944,6905,87,"Greece",142
"MC-2515","Chateauneuf Les Martigues",43.38,5.16,6900,100,"France",143
"Beta-136677","Mas Nou",40.4563,-0.1317,6900,70,"Spain",144
"Gif-6725","Torre Canne",40.85,17.4667,6900,80,"Italy",145
"Ki-6656","Pugach-2",47.85,31.23333,6895,50,"Ukraine",146
"CAMS-2681","Ripa Tetta",41.5,15.3333,6890,60,"Italy",147
"OxA-1475","Coppa Nevigata",41.5,15.75,6880,90,"Italy",148
"R-1167","Grotta di Monte Venere",43.513,11.8278,6860,60,"Italy",149
"GrN-28460","Parta",45.6277,21.1331,6860,60,"Romania",150
"AECV-2012C","Rio Tana",41.9345,13.6864,6860,60,"Italy",151
"R-2360","La Marmotta",42.1167,12.2333,6855,65,"Italy",152
"OxA-9375","Szarvas 23",47.83,20.58,6855,55,"Hungary",153
"Ly-3289","Balma Margineda",42.4819,1.4881,6850,160,"Spain",154
"Lv-624","Delley-Portalban II",46.92,6.95,6850,110,"Switzerland",155
"HD-12093","Medulin",44.8227,13.9367,6850,180,"Croatia",156
"Ly-7607","Portiragnes",43.30528,3.33639,6850,65,"France",157
"MC-2290","Villa Comunale",41.45,15.5333,6850,130,"Italy",158
"Hd-16228","Calden",51.42,9.4,6835,43,"Germany",159
"Bln-1331","Méhtelek-Nadas",47.93333,22.85,6835,60,"Hungary",160
"Bêta-168461","Castelejo",37.2827,-8.8359,6830,60,"Portugal",161
"BM-2275R","Medo Tojeiro",37.6,-8.63333,6820,140,"Portugal",162
"Bln-1586","Stara Zagora - Okruzhna Bolnitsa V",42.4261,25.6341,6814,65,"Bulgaria",163
"Wk-17029","Rocha das Gaivotas",37.0255,-8.988,6801,39,"Portugal",164
"MC-2342","Caucade",43.7,7.35,6800,130,"France",165
"IAAA-120686","Goytepe",41.1434,45.5086,6800,30,"Azerbaijan",166
"ETH-11148","Brunn am Gebirge",48.1,16.28,6785,75,"Austria",167
"TKa-15357","Hassansu",41.1193,45.2367,6785,50,"Azerbaijan",168
"Gif-2368","Cueva del Nacimiento",38.08,-2.3,6780,130,"Spain",169
"R-322","Santa Anna III",37.9667,12.2667,6780,90,"Italy",170
"HD-11950","Škarin Samograd II",43.73333,16.18444,6780,50,"Croatia",171
"HD-11950","Škarin Samograd Cave",39.4833,-8.5333,6780,80,"Greece",172
"Wk-9214","Pena d'Agua",42.36,0.21,6775,60,"Portugal",173
"GrN-12685","Cueva de Chaves",44.9677,19.7375,6770,70,"Spain",174
"Ly-9519","Renaghju",40.1666,18.0166,6769,41,"France",175
"LTL-026A","Serra Cicora",44.1845,8.3066,6762,55,"Italy",176
"GrA-25715","San Sebastiano di Perti",49.92,15.33,6760,45,"Italy",177
"R-2705","Piancada",45.3939,19.2293,6751,108,"Italy",178
"LTL-427A","Porto Badisco",38.7333,0.1,6739,60,"Italy",179
"Beta-75220","Cendres Cave",48.33,3.06,6730,80,"Spain",180
"Ly-4503","Terres de Prepoux",44.88,7.48,6730,110,"France",181
"GrA-29403","Abri de Pendimoun",45.5469,20.9903,6725,45,"France",182
"GrN-28456","Giulvaz",42.5918,-2.5154,6720,80,"Romania",183
"Beta-242783","Pena Larga, Alava",40.55,18.0533,6720,40,"Spain",184
"LJ-4649","Scaloria",37.0387,-8.9527,6720,100,"Italy",185
"Wk-6673","Vale Santo",43.89,16,6720,120,"Portugal",186
"P-2949","Acconia",38.9,16.5833,6710,80,"Italy",187
"Q-3020","Grotta Filiestru",40.5,8.66,6710,75,"Italy",188
"Hv-9271","Blicquy",50.58,3.68,6705,165,"Belgium",189
"Gif-2990","Baume de Fontbregoua",43.55,6.23,6700,100,"France",190
"Gx-19569","Grotta dell'Edera",45.6531,13.7764,6700,130,"Italy",191
"UCLA-2148","Lagnano da Piede",38,12.33,6700,100,"Italy",192
"MC-264","Saint Mitre",44.88,5.65,6700,130,"France",193
"UtC-1251","Grotta Corbeddu",40.25,9.48,6690,80,"Italy",194
"KN-3046","Schwanfeld",49.9209,10.1381,6690,140,"Germany",195
"Bln-1544","Ovcharovo",43.2,26.75,6688,60,"Bulgaria",196
"R-548","Pian di Cerreto",43.8667,12.6333,6680,80,"Italy",197
"Beta-131625","Pupicina",43.51278,16.18444,6680,100,"Croatia",198
"MC-2243","Casabianca or Casterra",42.08,9.5,6670,130,"France",199
"GrN-17003","Trestiana",46.09,27.47,6665,45,"Romania",200
"Beta-231880","Cova d'En Pardo",38.7854,-0.3437,6660,40,"Spain",201
"Beta-223092","La Paleta",40.0776,-3.8565,6660,60,"Spain",202
"PSU-5291/UCIAMS-116203","Konjevrate",43.78,16,6655,25,"Croatia",203
"OxA-26068","Les Guixeres",41.4464,1.6063,6655,45,"Spain",204
"Gif-2325","Araguina Sennola",41.38,9.16,6650,140,"France",205
"Bln-3785","Dobrinishte I",41.8203,23.5592,6650,60,"Bulgaria",206
"Bln-?","Sacarocva I",47.70694,28.21028,6650,100,"Moldova",207
"OxA-3684","Masseria Candelaro",41.4598,15.5428,6640,95,"Italy",208
"MC-2034","Baume d'Oullins",44.31,4.46,6630,110,"France",209
"Rome-291","Stretto, Partanna",38.12,13.36,6630,120,"Italy",210
"R-2747","Lugo di Romagna",44.4167,11.9,6626,110,"Italy",211
"GrN-19909","Rosenburg",48.6285,15.642,6625,130,"Austria",212
"Beta-222342","El Cavet",41.0714,1.0612,6620,60,"Spain",213
"Bln-2554","Kremenik 2",42.29,23.28,6620,100,"Bulgaria",214
"Bln-3276","Grotta Arma dello Stefanino",44.1,8.5,6610,60,"Italy",215
"Gif-3575","Abri Jean Cros",43.08,2.46,6600,130,"France",216
"KN-3429","Goddelau",49.84,8.5,6600,85,"Germany",217
"Gif-1855","Le Baratin",44.08,5.88,6600,140,"France",218
"Beta-162092","Mas D'Is",38.6797,-0.3595,6600,50,"Spain",219
"Beta-13157","Cueva de Nerja",36.7467,-3.8775,6590,40,"Spain",220
"R-1411","Grotta Continenza",41.958,13.5355,6590,75,"Italy",221
"AA-32641","Lalo",44.46667,3.08333,6585,60,"France",222
"Sac-1608","Alcalar",37.1969,-8.5886,6580,60,"Portugal",223
"BM-1862R","Battonya",46.25,21,6580,60,"Hungary",224
"GrN-28457","Limba Bordane",46.0402,23.5972,6580,60,"Romania",225
"R-643a","Maddalena di Muccia",43.06,13.06,6580,75,"Italy",226
"GrN-21266","Makri",38.0833,23.9833,6580,40,"Greece",227
"Pi-101","Penne di Pescara",42.47,13.93,6578,135,"Italy",228
"LTL-5187A","Palata",41.2011,16.0069,6576,45,"Italy",229
"CNA-539","Benàmer",38.7844,-0.4111,6575,50,"Spain",230
"R-468","S. Stefano di Ortucchio",41.95,13.6333,6575,80,"Italy",231
"R-2550","Fagnigola",45.8547,12.6875,6570,75,"Italy",232
"R-2547","Sammardenchia",45.72,13.76,6570,74,"Italy",233
"LTL-2657A","La Torretta",41.8239,15.3395,6562,50,"Italy",234
"AA-16498","Font del Ros",42.1119,1.9575,6561,56,"Spain",235
"Ly-7021","Cavaou",43.45,5,6560,85,"France",236
"Bln-4436","Valer",45.8831,12.7131,6557,71,"Italy",237
"OxA-7596","Grotte Santa Croce",41.2494,16.4818,6555,50,"Italy",238
"Ly-2850","Ampla",38.7833,0.1667,6550,140,"Spain",239
"GrN-12119","Cueva del Moro, Olvena",42.1085,0.2605,6550,130,"Spain",240
"KN-2514","Nieborowa",52.06,20.08,6550,65,"Poland",241
"LTL-1212A","Masseria Maselli, Lama Balice",41.1318,16.774,6542,45,"Italy",242
"Bln-1981","Carcea",44.2669,23.9003,6540,60,"Romania",243
"GrN-19839","Fiorano Modenese, Fornace Carani",44.5371,10.8167,6540,60,"Italy",244
"OxA-1958","Fonterossi (Lama dei Peligni)",42.0553,14.2095,6540,80,"Italy",245
"KN-2986","Langweiler",50.81,6.43,6540,155,"Germany",246
"OxA-651","Monte Maulo",41.57,14.64,6540,80,"Italy",247
"Gif-5473","Ormeignies, Blanc Bois",50.5833,3.7167,6540,150,"Belgium",248
"Wk-5851","Ribeira de Alcantarilha",37.1027,-8.3527,6540,60,"Portugal",249
"Bln-51","Eitzum",52.15,10.8,6530,100,"Germany",250
"H-1534/1027","Göttingen",51.53,9.93,6530,180,"Germany",251
"DEM-272","Kastria",38.95,22.13,6528,55,"Greece",252
"R-2745","Lugo di Grezzana",45.5198,11.0172,6524,76,"Italy",253
"BM-2414","Santa Tecchia",41.5,15.66,6520,70,"Italy",254
"Ki-6681","Bernashevka",48.55,27.5,6510,55,"Ukraine",255
"Beta-221431","El Barranquet de Oliva",38.9224,-0.1196,6510,50,"Spain",256
"GrN-2311","Elsloo",50.93,5.77,6510,100,"Netherlands",257
"OxA-10191","La Falguera",43.1167,-6.2167,6510,70,"Spain",258
"Lv-1691","Oleye",50.7,5.2667,6510,80,"Belgium",259
"KN51","Or",38.7,-0.47,6510,160,"Spain",260
"OxA-26076","Cova de la Sarsa",38.7358,-0.5565,6506,32,"Spain",261
"Hv-9285","Omal",50.65,5.2,6505,105,"Belgium",262
"DEM-628","Drakaina Cave",38.15,20.76,6500,66,"Greece",263
"CRG-280","Planta",46.23,7.36,6500,80,"Switzerland",264
"Hv-14732","Ulm-Eggingen",48.4,10,6500,100,"Germany",265
"Lv-2049","Alzingen, Grossfeld",49.55,6.16667,6490,90,"Luxembourg",266
"BM-2415","Fontanarosa Uliveto",41.0186,15.0211,6490,150,"Italy",267
"Beta-280862","La Serreta",41.3364,1.6956,6490,40,"Spain",268
"Gif-3078","Grotte de Camprafaud",43.43,3.9,6480,130,"France",269
"R-1136","Romagnano",46.07,11.13,6480,50,"Italy",270
"KN-1102","Valea-Rau",45.08,24.2,6480,75,"Romania",271
"Z-198","Grotta Podosojna",45.25,14.23,6470,95,"Croatia",272
"Beta-172521","Serrat del Pont",42.2229,2.5609,6470,40,"Spain",273
"Ly-4269","Cova de les Bruixes",40.6173,0.2203,6460,140,"Spain",274
"UtC-2344","Enkingen",48.83,10.57,6460,80,"Germany",275
"Bln-479","Oszentivan",46.2,20.18,6460,80,"Hungary",276
"Lv-1340","Place Saint Lambert",50.65,5.56,6460,60,"Belgium",277
"Bln-5949","Arukhlo 1",41.4669,44.6944,6451,40,"Georgia",278
"OxA-15139","Mala Triglavca",45.6666,13.9666,6451,36,"Slovenia",279
"MC-695","Baume de Montclus",44.26,4.43,6450,100,"France",280
"Ki-8077","Bilshivzi",48.93333,24.58333,6450,80,"Ukraine",281
"Ly-1736","Cuiry-les-Chaudardes",49.38,3.77,6450,160,"France",282
"Bln-115","Hódmezövásárhely-Kotacpart",46.41,20.31,6450,100,"Hungary",283
"GrN-10720","Kleine Gete",50.65,4.8833,6450,100,"Belgium",284
"Ly-5702","L'Horte",45.56667,0.38333,6450,120,"France",285
"BIRM-175","Molino Casarotto",45.46,11.6,6450,110,"Italy",286
"MC-1227","Source de Reselauze",43.51,3.28,6450,100,"France",287
"OxA-9288","Almonda",39.5075,-8.4231,6445,45,"Portugal",288
"OxA-9287","Galeria da Cisterna",39.5064,-8.6136,6445,45,"Portugal",289
"Gd-6046","Boguszewo",53.43333,19.01667,6440,120,"Poland",290
"Bln-119","Korlat",48.36,21.25,6440,100,"Hungary",291
"GrA-9226","La Vaquera",41.1031,-4.033,6440,50,"Spain",292
"Beta-18271","Plaza Vila de Madrid",41.3683,2.1291,6440,40,"Spain",293
"Gd-5465","Stolno",53.31667,18.51667,6440,70,"Poland",294
"Ua-24428","Los Cascajos",42.6837,-1.6654,6435,45,"Spain",295
"LTL-2156A","Santuario della Madonna, Praia a Mare",39.8948,15.7832,6432,60,"Italy",296
"P-3047","Bevilacqua",38.92,16.61,6430,90,"Italy",297
"GrN-5384","Olszanica",50.1,19.83,6430,75,"Poland",298
"OxA-1853","San Marco, Gubbio",43.13,12.4,6430,80,"Italy",299
"Lv-1910","Vaux-et-Borset, Gibour",50.6167,5.2167,6430,65,"Belgium",300
"Lv-2053","Weiler-la-Tour, Holzdreisch",49.5333,6.18333,6430,100,"Luxembourg",301
"OxA-26070","Cova del Toll",41.81112,2.09839,6425,35,"Spain",302
"H-919/889","Duderstadt",51.52,10.27,6422,100,"Germany",303
"OxA-15488","Can Sadurnì",41.3406,1.9153,6421,34,"Spain",304
"Bln-3450","Arma dell'Aquila",42.3667,13.3667,6420,90,"Italy",305
"R-313","Arma di Nasino",44.1167,8.0333,6420,65,"Italy",306
"OxA-1629","Bruchenbrücken",50.2833,8.75,6420,90,"Germany",307
"Gif-5257","Coron Maton",50.55,5.88,6420,120,"Belgium",308
"R-223","Grotta di Romito",40.86,16.9,6420,70,"Italy",309
"Bln-1785","Kopcany",48.6,21.85,6420,60,"Slovakia",310
"LTL-5191A","Fosso Fontanaccia, Portonovo",43.5646,13.591,6418,50,"Italy",311
"OxA-26047","Cova Fosca d'Ebo",38.793,-0.1682,6413,33,"Spain",312
"Ly-5881","Barbey, le Chemin de Montereau",48.36667,3.05,6410,120,"France",313
"I-13030","Frare Cave",41.63,2.0333,6410,70,"Spain",314
"UBAR-314","La Draga",41.8667,2.1167,6410,70,"Spain",315
"KN-I.367","Lamersdorf",50.8,6.46,6410,45,"Germany",316
"BM-2020","Ayios Petros",37.3333,23.5,6400,80,"Greece",317
"Ly-423","Grotto di Combe Obscure",44.48,4.13,6400,160,"France",318
"GrN-12620","Overhespen",50.8,5.03333,6400,100,"Belgium",319
"Ly-4582","Wettelsheim, Ricoh",48.06667,7.3,6400,70,"France",320
"OxA-14531","Lafrouda",40.9798,25.0154,6397,36,"Greece",321
"Beta-227572","Cale Colon, Novelda",38.3837,-0.7657,6390,40,"Spain",322
"Beta-149009","Cova Fosca",40.4564,-0.1317,6390,40,"Spain",323
"KN-2295","Gerlingen",48.8,9.07,6390,160,"Germany",324
"Lv-2161","Lanaken",50.86667,5.63333,6390,110,"Belgium",325
"GrN-9151","Marbach/Neckar",48.95,9.25,6390,120,"Germany",326
"Ki-2597","Wang",48.4667,11.9,6390,100,"Germany",327
"Gif-2124","Antre Corycien",38.48,22.5,6380,90,"Greece",328
"GrN-8687","Meindling",48.88333,12.56667,6380,130,"Germany",329
"Ki-3372","Strogen",48.66,15.63,6380,140,"Austria",330
"GrN-18421","Aizpea",42.9725,-1.1334,6370,70,"Spain",331
"GrN-995","Geleen",51.96,5.75,6370,60,"Netherlands",332
"Bln-86","Katalszeg",46.21,20.08,6370,100,"Hungary",333
"GrN-14241","Pontet",41.1233,0.1366,6370,70,"Spain",334
"DEM-23","Proskinites",40.95,25.46,6368,63,"Greece",335
"AECV-1996C","Fonte Chiarano",45.73,12.5838,6360,180,"Italy",336
"Ly-4566","Saint Germain des Bois",46.91,2.48,6360,80,"France",337
"Hd-17130","Gudensberg, Güntersber",51.18,9.37,6352,29,"Germany",338
"ETH-9650","Arlesheim, Birseck-Erm",47.48,7.62,6350,80,"Switzerland",339
"ICEN-1099","Gruta do Correio-Mor",38.8248,-9.1683,6350,60,"Portugal",340
"Hv-586","Rosdorf",51.51,9.93,6350,70,"Germany",341
"Beta-166232","Ventana",40.8487,-3.5262,6350,40,"Spain",342
"Bln-2580","Berettyóújfalu-Szilhal",41.21,21.65,6340,60,"Hungary",343
"OxA-1850","Cha de Carvalhal",41.11667,-8.06667,6340,80,"Portugal",344
"DEM-657","Dispilio",40.5,21.16,6338,29,"Greece",345
"OxA-1035","Caldeirao",39.649,-8.416,6330,80,"Portugal",346
"Ly-4479","Chemin de Naviot",48.4,6.16,6330,140,"France",347
"Beta-127048","Longueil-Sainte-Marie, Rhuys II",49.35,2.71667,6330,90,"France",348
"H-924b/1121","Muddersheim",50.7,6.55,6330,80,"Germany",349
"Ki-6671","Okopy",49.96667,26.53333,6330,65,"Ukraine",350
"MC-2376","Saint Marcel d'Ardeche",44.35,4.46,6330,90,"France",351
"Ly-8422","Grotte du Gardon",45.95,5.33,6325,40,"France",352
"Lv-1580","Crisnee",50.68,5.4,6320,75,"Belgium",353
"GrN-15443","Cueva del Toro",37.0119,-4.3734,6320,70,"Spain",354
"Bln-3372","Fornace dei Cappuccini",44.29147,11.87523,6320,60,"Italy",355
"KN-I.369","Koln-Mengenich",50.91,7,6320,70,"Germany",356
"LGQ-617","Longone",45.81428,9.25144,6320,140,"Italy",357
"B-5090","Pizzo di Bodio",45.8,8.8333,6320,80,"Italy",358
"LTL-2436A","Casalecchio di Reno",44.4787,11.2774,6312,50,"Italy",359
"GrA-10949","Costalena",41.1234,0.1366,6310,170,"Spain",360
"Beta-317705","Cova Font Major",41.377,1.1002,6310,40,"Spain",361
"GrN-6021","Givry",50.35,3.9333,6310,60,"Belgium",362
"GrA-21360","Huerto Raso",42.2304,0.0358,6310,60,"Spain",363
"Lv-1116","Wange",50.8,5.05,6310,75,"Belgium",364
"GrN-4245","Zilgendorf I",50.1833,10.9667,6310,80,"Germany",365
"ETH-26417","Mourre de la Barque",43.6365,5.6399,6305,55,"France",366
"Bln-505","Tiszavasvari-Keresztfa",48.96,21.38,6305,100,"Hungary",367
"R-1040a","Grotta del Ciclami",45.7218,13.7926,6300,60,"Italy",368
"PSU-5292/UCI AMS-116204","Krivače",43.93,15.84,6300,25,"Croatia",369
"Beta-208134","Mirador",42.3315,-3.5364,6300,50,"Spain",370
"Lv-1693","Waremme, Longchamps",50.66,5.2,6300,95,"Belgium",371
"Wk-25169","Hostal Guadalupe",36.6216,-4.4955,6298,30,"Spain",372
"Beta-103862","Font des Pigeons",43.3828,5.1648,6290,50,"France",373
"KN-2566","Frauenhofen",48.67,15.63,6290,65,"Austria",374
"BM-2250","Marcianese",42.2,16.91,6290,60,"Italy",375
"OxA-14449","Danilo-Bitinj",43.68,16.05,6284,40,"Croatia",376
"Beta-276401","Carrascal",38.7164,-9.4179,6280,40,"Portugal",377
"Bln-435","Pristina",42.65,21.15,6280,80,"Kosovo",378
"Ly-6085","Revellata",42.56,8.73,6280,75,"France",379
"Bln-123","Tarnabod",47.68,20.21,6280,100,"Hungary",380
"GrN-22845","Ay-sur-Moselle",49.25,6.21667,6278,19,"France",381
"KIA-35869","Niederröblingen",51.4261,11.3399,6275,35,"Germany",382
"UE-3025–3026","Can Xammar",41.5596,2.4103,6270,40,"Spain",383
"B-4564","Castelgrande, Bellinzo",40.7855,15.43,6270,40,"Italy",384
"Hd-9908/9748","Hilzingen, Forsterbahn",47.76667,8.78333,6270,80,"Germany",385
"Ki-6675","Korman",48.34,27.14,6270,55,"Ukraine",386
"Beta-103868","Les Petites Bâties",44.3041,4.6889,6270,50,"France",387
"Bln-3381","Topolnitsa 2b",41.45,21.82,6270,60,"Romania",388
"AA-58899","Rio Saboccu",39.7119,8.5001,6266,48,"Italy",389
"Bln-801","Tirpesti",47.17,26.33,6265,100,"Romania",390
"I-16783","Abrigos del Pozo",38.2278,-1.6967,6260,120,"Spain",391
"GrN-6781","Armeau",48.13,3.36,6260,65,"France",392
"Pta-9163","Cariguela",37.5099,-3.3807,6260,20,"Spain",393
"UGRA-261","Cueva de la Dehesilla",36.75,-5.8,6260,100,"Spain",394
"MC-2145","Grotte de l'Abeurador",43.35,2.7,6260,90,"France",395
"Lv-1025","Kanne",50.8,5.66,6260,75,"Belgium",396
"R-599a","Ripabianca di Monterado",43.71,13.1,6260,85,"Italy",397
"GrN-5087","Strzelce",53.31,18.11,6260,60,"Poland",398
"Bln-559","Sturovo",47.8,18.73,6260,100,"Slovakia",399
"OxA-17497","Vil’nyanka",47.8,35.2166,6252,36,"Ukraine",400
"OxA-6642","Bucy-le-Long, La Héronnière",49.38333,3.4,6250,55,"France",401
"AA-19187","Can Bellsola",41.5593,2.2561,6250,80,"Spain",402
"Beta-166230","Cueva de la Higuera",40.8535,-3.5089,6250,60,"Spain",403
"Gif-3823","Dissignac",47.27,-2.28,6250,150,"France",404
"KN-2128","Niedermerz",50.86,6.33,6250,70,"Germany",405
"H-2117/1536","Rodingen",50.96,6.55,6250,75,"Germany",406
"Bln-4199","Zollchow",52.53,12.22,6250,50,"Germany",407
"PI-46","Grotta dei Piccioni",42.4667,14.2167,6247,130,"Italy",408
"DEM-171-137","Tharrounia",38.5167,23.9833,6246,49,"Greece",409
"GrA-13270","Botiquería dels Moros",41.0488,0.1044,6240,50,"Spain",410
"GrA-22525","Cueva del Gato, Epila",41.5993,-1.281,6240,50,"Spain",411
"Lv-1579","Darion",50.65,5.18,6240,100,"Belgium",412
"GrA-32979","Fexhe-le-Haut-Clocher-Podrî l'Cortri",50.669,5.3993,6240,35,"Belgium",413
"Ly-3710","Les Rivaux",45.05,3.85,6240,110,"France",414
"Beta-161182","Los Husos I",42.6034,-2.5601,6240,60,"Spain",415
"Ly-4770","Font Juvenal",43.28,2.33,6235,85,"France",416
"GrN-7557","Hienheim",48.88,11.75,6235,45,"Germany",417
"Wk-27462","Roca Chica",36.6216,-4.4955,6234,30,"Spain",418
"IGGSB-810","Bobrovichskoe Lake",52.6,25.7333,6230,80,"Belarus",419
"Beta-317251","El Tonto",39.9297,-3.9434,6230,30,"Spain",420
"UtC-7179","Frimmersdorf 122",51.05,6.5833,6230,70,"Germany",421
"GrN-2446","Maarheze",51.31667,5.6,6230,115,"Netherlands",422
"ETH-9548","Rottenburg a. N.",48.4667,8.9333,6230,90,"Germany",423
"GrN-9789","Atxoste, Alava",42.7533,-2.4749,6220,60,"Spain",424
"BM-1860R","Békésszentandras",46.8333,20.5,6220,110,"Hungary",425
"GrN-16110","Cueva Lobrega",42.2561,-2.6307,6220,100,"Spain",426
"Hd-7978","Viesenhäuser Hof",48.5,9.13,6220,45,"Germany",427
"LTL-247A","Bologna via Costa",44.4943,11.3141,6219,50,"Italy",428
"OxA-21355","Remicourt-En Bia Flo II",50.684,5.3303,6219,38,"Belgium",429
"OxA-6692","Hollogne, Douze Bonniers",50.6667,5.2167,6215,45,"Belgium",430
"Bln-83","Pulkau",48.7,15.86,6215,100,"Austria",431
"UtC-11204","Mönchengladbach",51.1808,6.4429,6212,44,"Germany",432
"UtC-11199","Kerpen",50.8746,6.6882,6210,50,"Germany",433
"R-427","Muraccio",44.1333,10.4167,6210,80,"Italy",434
"OxA-1536","Neckenmarkt",47.6,16.55,6210,80,"Austria",435
"Bln-1319","Niemcza",50.7167,16.85,6210,80,"Poland",436
"OxA-5872","Remerschen, Schengerwis",49.4833,6.36667,6210,60,"Luxembourg",437
"Hd-19498","Zwenkau",51.21667,12.33333,6206,18,"Germany",438
"GrN-10774","Miechowice",52.7667,18.3,6205,50,"Poland",439
"Bln-1790B","Strachów 2",53.85,18.1,6205,102,"Poland",440
"OxA-6688","Waremme-Vinâve",50.66,5.2,6205,45,"Belgium",441
"AA-78257","Canaleja 2",39.744,-5.6995,6203,44,"Spain",442
"Ki-6686","Babshin",48.46667,26.56667,6200,55,"Ukraine",443
"Beta-295152","Casa Montero",40.3954,-3.6032,6200,40,"Spain",444
"MC-563","Grotte de l'Aigle",44.06,4.63,6200,100,"France",445
"Ly-4453","Les Grands Traquiers",49.01,4.26,6200,140,"France",446
"Ly-1735","Menneville, Derrière le Village",50.6833,1.8667,6200,190,"France",447
"GrN-423","Sittard",51,5.87,6200,150,"Netherlands",448
"GrN-147","Westeregeln",51.96667,11.4,6200,100,"Germany",449
"Wk-25171","Cueva de los Mármoles",37.4138,-4.2374,6198,31,"Spain",450
"VERA-1830","Herxheim",49.15167,8.20528,6195,35,"Germany",451
"GrN-7201","Wychen, Het Vormer",51.45,5.4667,6195,45,"Netherlands",452
"H-1573/1126","Northeim-Imbshausen",51.7,10,6192,140,"Germany",453
"OxA-10221","Alleur",50.2222,4.9042,6190,60,"Belgium",454
"Ua-19444","Cueva del Hoyo de la Mina",36.7371,-4.3847,6190,65,"Spain",455
"OxA-1627","Eilsleben",51.48,11.51,6190,90,"Germany",456
"UBAR-61","Font de la Vena",42.1436,2.1884,6190,100,"Spain",457
"Ly-3331","Grotte Lombard",43.68,7.86,6190,120,"France",458
"I-17771","Murciélagos de Zuheros",37.5298,-4.3252,6190,130,"Spain",459
"Bln-?","Nowy Browiniec",50.3667,17.8667,6185,55,"Poland",460
"Ly-12","Balloy les Reaudins",48.4,3.13,6180,90,"France",461
"GrN-9255","Brzesc Kujawski",52.61,18.9,6180,35,"Poland",462
"Gif-9014","Change",48.56,1.58,6180,120,"France",463
"Beta-58934","Cova del Vidre",40.8209,0.5028,6180,90,"Spain",464
"Lv-1983","Irchonwelz, Trou al Cauche",50.6167,3.75,6180,100,"Belgium",465
"GrN-10770","Lojewo",52.7833,18.25,6180,100,"Poland",466
"Beta-44114","Mileto",43.79,11.21,6180,80,"Italy",467
"Bln-549","Ostoros",48.86,20.43,6180,100,"Hungary",468
"Beta-74311","Plansallosa",42.23333,2.63333,6180,60,"Spain",469
"UtC-11200","Vettweiss",50.7394,6.5982,6180,60,"Germany",470
"Bln-87","Zalavar",46.66,17.16,6180,100,"Hungary",471
"Lyon-264","Poses, Sur la Mare",49.3,1.23333,6175,65,"France",472
"ETH-13289","Schletz",48.75,16.47,6175,65,"Austria",473
"P-1311","Saliagos",37,25.05,6172,74,"Greece",474
"CSIC-1967","Alto de Rodilla",42.4458,-3.4967,6171,55,"Spain",475
"OxA-23634","Cova Colomera",42.0847,0.7623,6170,30,"Spain",476
"CSIC-281","Cova del Parco",41.9117,0.9606,6170,70,"Spain",477
"MC-1102","Le Roc de Dourgne",42.61,2.15,6170,100,"France",478
"I-11445","Vhò-Campo Ceresole",45.1333,10.3667,6170,110,"Italy",479
"UGRA-254","Cueva Chica de Santiago",38.95,-6.91,6160,100,"Spain",480
"Lv-1117","Vlijtingen",50.8333,5.5833,6160,95,"Belgium",481
"UtC-11206","Inden",50.8592,6.3562,6158,50,"Germany",482
"UtC-5406","Ensisheim, Les Octrois",47.86667,7.35,6155,39,"France",483
"Bln-676","Sandorresze",47.65,20.15,6155,80,"Hungary",484
"KN-2202","Tiefenellern",49.91667,11.06667,6150,65,"Germany",485
"OxA-17594","Dereivka",48.9166,33.6666,6147,35,"Ukraine",486
"GrN-7591","Tomaszow",50.45,20.3833,6145,70,"Poland",487
"UtC-10787","Usingen",50.33,8.53,6142,40,"Germany",488
"GrN-4750","Lautereck",48.25,9.5833,6140,45,"Germany",489
"R-846","Passo di Corvo",41.5538,15.6121,6140,120,"Italy",490
"HD-11733","Vižula",44.82083,13.9375,6140,70,"Croatia",491
"Hv-17906","Wembach",49.80639,8.78444,6140,115,"Germany",492
"Bln-404","Szamossalyi",48.88,22.6,6136,100,"Hungary",493
"A-4474","Piano Vento",37.1833,13.7667,6130,90,"Italy",494
"I-13798","Travo, Case Gazza",44.8667,9.5333,6130,160,"Italy",495
"VRI-42","Unterpullendorf",47.5,16.5,6130,140,"Austria",496
"Bln-1960","Skoroszowice",51.7,19.18,6125,50,"Poland",497
"OxA-17500","Yasinovatka",48.85,35.15,6121,34,"Ukraine",498
"Bln-56","Friedberg",50.33,8.75,6120,100,"Germany",499
"UGA-75665","Fuente Celada",42.3979,-3.7514,6120,30,"Spain",500
"Bln-1203","Kustanszeg",46.78333,16.68333,6120,100,"Hungary",501
"KIA-41450","Molino de Arriba",42.3179,-3.8205,6120,30,"Spain",502
"Bln-2614","Bulgarchevo 4",42.18,23,6100,50,"Bulgaria",503
"ICEN-805","Gruta de Nossa Senhora das Lapas",39.6,-8.4167,6100,70,"Portugal",504
"Beta-222339","Portalón",42.3495,-3.5007,6100,50,"Spain",505
"Ly-3811","Route de Rouffach",48.08,7.33,6100,120,"France",506
"Ki-6737","Sabatinovka-2",48.15,30.1833,6100,55,"Ukraine",507
"GrN-23068","Ecriennes, La Folie",48.68333,4.68333,6090,30,"France",508
"Bln-2795","Ostiano Dugali Alti",45.2284,10.2443,6090,100,"Italy",509
"GrA-13673","Paternanbidea",42.8017,-1.7749,6090,40,"Spain",510
"CSIC-1133","Cueva de los Murciélagos (Albuñol)",37.543,-4.3026,6086,45,"Spain",511
"Beta-171124","Barruecos",39.4239,-6.4948,6080,40,"Spain",512
"MC-794","Baume Bourbon",44.9,4.63,6080,100,"France",513
"OxA-6686","Berry-au-Bac, Le Chemin de la Pêcherie",49.4,3.9167,6080,45,"France",514
"Eth-21724","Carrara San Francesco",41.2357,16.5179,6080,65,"Italy",515
"R-676","Grotta del'Orso",43.98,12.86,6080,50,"Italy",516
"Bln-337","Jasatepe I",42.15,24.74,6080,80,"Bulgaria",517
"GrN-2435","Kecovo, Domica-Höhle",48.5,20.4833,6080,75,"Slovakia",518
"Ly-2716","Le Coq Galleux",49.4,2.8,6080,110,"France",519
"CRG-569","Sion, Sous-le-Scex",46.23,7.36,6080,80,"Switzerland",520
"Lv-1160","Awans",50.66,5.45,6070,90,"Belgium",521
"Gif-8840","Crox Saint Pierre",47.76,-2,6070,80,"France",522
"Sac-1990","Encosta de Sant'Ana, Lisbon",38.71722,-9.13389,6070,60,"Portugal",523
"MC-1290","Grotte de l'Abbe Prialet",43.88,3.73,6070,100,"France",524
"ICEN-1152","Sao Pedro de Canaferrim",38.8,-9.3833,6070,60,"Portugal",525
"GrA-11653","Villeneuve-sur-Yonne, Vieille-lame",48.08333,3.3,6070,50,"France",526
"GrN-10316","Zorlentu Mare",45.31,21.81,6070,40,"Romania",527
"Ly-8823","Passy",48.1,3.26,6065,55,"France",528
"Hv-1220","Hude 1",53.16,8.43,6060,115,"Germany",529
"Bln-1814","Lupawa",54.4167,17.4,6060,80,"Poland",530
"OxA-6651","Maring-Noviad, Vor Tonguich",49.93333,7,6060,55,"Germany",531
"UGAMS-8552","Trani II, Spiaggia di Colonna",41.2678,16.4377,6060,30,"Italy",532
"Ly-537","Saint-Julien-du-Saut",48.03333,3.3,6055,55,"France",533
"Gif-1111","Grotte du Capitaine",43.75,6.17,6050,150,"France",534
"Ly-1181","Kirschnaumen-Evendorff",49.4,0.4333,6050,200,"France",535
"I-12518","Via Rivoluzione d'ottobre",44.7049,10.62678,6050,110,"Italy",536
"PSU-5288/UCI AMS-116200","Cista Mala-Velištak",43.8865,15.7762,6045,25,"Croatia",537
"Bln-250","Köttichau",51.1333,12.1333,6045,120,"Germany",538
"GrA-19295","Paco Pons",42.4145,-1.0022,6045,45,"Spain",539
"Hd8606–8827","Talheim",49.0847,9.1948,6045,60,"Germany",540
"OxA-7157","Arenaza",43.2515,-3.0982,6040,75,"Spain",541
"OxA-6367","Esztergalyhorvati,",46.7,17.11667,6040,55,"Hungary",542
"GrN-13976","Riols",41.3723,0.3009,6040,100,"Spain",543
"GX-20845","Alba",44.7,8.0333,6030,80,"Italy",544
"GrA-16273","Aspre del Paradis",42.63333,2.95,6030,40,"France",545
"OxA-6714","Cerro Virtud",37.2684,-1.7944,6030,55,"Spain",546
"Bln-2531","Irchonwelz, La Bonne Fortune",50.61,3.75,6030,60,"Belgium",547
"Ly-2327","La Croix Maigret",49.4,4.88,6030,130,"France",548
"Bln-1777","Riparo Gaban",46.07,11.1,6030,45,"Italy",549
"Bln-1737","Stary Zamek",50.92,16.8,6030,50,"Poland",550
"Beta-153914","Valado do Mato",38.60889,-7.98861,6030,50,"Portugal",551
"Gro-265","Wittislingen",48.62,10.42,6030,110,"Germany",552
"Beta-232340","Cingle del Mas Cremat",40.5058,-0.2798,6020,50,"Spain",553
"Beta-172871","Cova del Petrolí",40.1601,0.0799,6020,40,"Spain",554
"Beta-265982","Cova Gran",41.9264,0.8005,6020,50,"Spain",555
"Gd-2429","Firius, site 8",53.2667,18.6333,6020,100,"Poland",556
"OxA-17493","Nikolskoye",48.1833,35.1666,6020,34,"Ukraine",557
"Ly-3891","Norrois",48.66,4.55,6020,110,"France",558
"WK-17843","Vale Boi",37.0798,-8.809,6018,34,"Portugal",559
"H-2121/1552","Poigen",48.7,15.5667,6017,90,"Austria",560
"KIA-27582","El Congosto",40.3283,-3.5559,6015,50,"Spain",561
"Ua-4820","Herriko Barra",43.2842,-2.1751,6010,90,"Spain",562
"Beta-127056","Pontpoint, le Fond de Rambourg",49.3,2.65,6010,60,"France",563
"Ly-386","Alfort",45.68,5.35,6000,60,"France",564
"R-458","Chiozza di Scandiano",44.5963,10.7055,6000,200,"Italy",565
"Ly-176","La Grande Rivoire",45.2,5.63,6000,70,"France",566
"Ly-2331","Les Fontinettes",49.38,3.75,6000,120,"France",567
"LoD-220","Nowodworce I",53.33,23.42,6000,150,"Poland",568
"Beta-109796","Pian del Ciliegio",44.2006,8.3662,6000,60,"Italy",569
"ICEN-736","Picoto",38.43333,-9.1,6000,150,"Portugal",570
"OxA-23578","Costamar",40.1406,0.1561,5995,38,"Spain",571
"Ly-7662","Saint-Etienne-en-Coglès, Le Haut Mee",48.4,1.31667,5995,65,"France",572
"KIA-17864","Čatež-Sredno",45.8918,15.6034,5992,36,"Slovenia",573
"TO-953","Casa da Moura",39.3667,-9.15,5990,60,"Portugal",574
"Gif-9997","Ceron",44,5.05,5990,75,"France",575
"OxA-5871","Engis",50.5833,5.4,5990,90,"Belgium",576
"HAM-197","Hallertau",50.1833,11.9167,5990,90,"Germany",577
"Ly-5668","Les Dependances de Digny",48.16,2.41,5990,50,"France",578
"Bln-58","Mold",48.6333,15.6833,5990,160,"Austria",579
"Poz-21402","Moverna Vas",45.633,15.2205,5990,40,"Slovenia",580
"Ly-799","Vassieux en Vercors",44.89611,5.37083,5990,60,"France",581
"Ly-7285","Jablines",48.93333,2.76667,5985,55,"France",582
"TO-11219","Los Canes",43.3269,-4.7992,5980,80,"Spain",583
"CRG-580","Mont-La-Ville, Mollend",46.6333,6.4167,5980,175,"Italy",584
"Beta-127059","Trosly-Breuil, Les Obeaux",49.4,2.96667,5980,60,"France",585
"Erl-4092","Elbeu",52.2333,11.6167,5969,59,"Germany",586
"Ly-8651","Messimy",45.69889,4.67472,5965,45,"France",587
"Gif-1561","Gondenans-lès-Montby, Grotte de la Tannerie",47.43333,6.46667,5950,140,"France",588
"Gif-7614","Le Guerzit",48.71,-3.83,5950,110,"France",589
"Gif-4878","Les Gouillauds",45.5,-0.6,5950,120,"France",590
"Beta-232484","Tossal de les Basses",38.7919,-0.2797,5950,50,"Spain",591
"Lv-1752","Trou al'Wesse",50.46,5.25,5950,70,"Belgium",592
"Gif-1796","Unang",44.05,5.15,5950,130,"France",593
"Bln-73","Dresden-Nickern",51.03,13.53,5945,100,"Germany",594
"AA-29113","Los Gitanos",37.3208,-4.0049,5945,55,"Spain",595
"Ly-865","Reichstett",48.65,7.75,5940,140,"France",596
"Gif-36C","Roucadour",44.83,1.5,5940,140,"France",597
"Bln-55","Winden am See",47.95,16.83,5940,100,"Austria",598
"Bln-2227","Guttenbrunn",48.6,15.0833,5935,50,"Austria",599
"Bln-176","Rehmsdorf",51.0667,12.2167,5932,100,"Germany",600
"CSIC-384","Puyascada",42.5045,0.2137,5930,60,"Spain",601
"Ly-9511","Champlay",47.95,3.43333,5920,40,"France",602
"Ly-3908","Larzicourt, Champ Buchotte",48.63333,4.71667,5920,150,"France",603
"Gif-8358","Pente de Croupeton",48.88,2.71,5910,80,"France",604
"Ki-6684","Luka Vrubletskaya",48.55,26.65,5905,60,"Ukraine",605
"Ly-7512","Incarville",49.23806,1.17944,5900,80,"France",606
"Gif-2749","Port Leucate",42.83,3,5900,140,"France",607
"KN-I.59","Deiringsen-Ruploh",51.53333,8.11667,5890,75,"Germany",608
"UZ-2915","Hünenberg-Chämleten",47.1667,8.4167,5890,95,"Switzerland",609
"Beta-61490","Barranc de Fabra",40.71308,0.58103,5880,110,"Spain",610
"Ly-8556","Etigny, le Brassot",48.13333,3.28333,5880,60,"France",611
"OxA-2920","Kolberg",52.25,13.81667,5880,80,"Germany",612
"Bln-2976","Savignano sul Panaro",44.4833,11.0333,5880,50,"Italy",613
"Beta-201209","Dragomelj",46.1093,14.5937,5870,40,"Slovenia",614
"Ly-6478","La Fosse Toumise",49.38,3.4,5870,105,"France",615
"Z-3015","Ptuj - Volkmerjeva Ulica",46.4231,15.874,5870,130,"Slovenia",616
"Ly-8824","Sablonnière",48.11056,3.30333,5870,60,"France",617
"KIA-13413","Le Macchie",40.998,17.2182,5864,47,"Italy",618
"GrN-19104","Buraco da Pala",41.48333,-7.18333,5860,30,"Portugal",619
"Ki-6683","Grenovka",48.1333,30.5167,5860,45,"Ukraine",620
"Gd-2509","Wegierce, site 12",52.75,18.15,5860,100,"Poland",621
"GrN-5977","Iwanovice, Góra Klin",50.2167,19.9833,5855,40,"Poland",622
"Ly-6099","Monte Leone",41.4,9.16,5855,95,"France",623
"R-1225","Grotta di Porto Badisc",40.08,18.48,5850,55,"Italy",624
"Z-354","Resnikov",45.968,14.5409,5850,150,"Slovenia",625
"Gif-7688","Roc Troue",43.95,3.18,5850,80,"France",626
"OxA-654","Colle del Fico",38.1513,14.926,5840,70,"Italy",627
"KN-2130","Kaster",51,6.55,5840,55,"Germany",628
"Ly-3804","le Moulin",44.18,5.5,5840,130,"France",629
"Beta–229156","Rziska",45.5186,15.1954,5840,70,"Slovenia",630
"UBAR-109","Cova de l'Avelanner",42.05669,2.54093,5830,100,"Spain",631
"Ly-8139","Le Camp",48.15,2.73,5830,45,"France",632
"LTL-2715A","Valle Guariglia",41.9465,16.0143,5822,45,"Italy",633
"GrN-21010","Abauntz, Arraitz",43.0022,-1.6481,5820,40,"Spain",634
"Gif-9224","Bercy",48.86,2.33,5820,60,"France",635
"Ly-9036","Changis sur Marne",48.95781,3.01464,5820,55,"France",636
"Ly-6637","Pellebit",44.69556,5.48472,5820,55,"France",637
"Ly-4745","La Vesignie",44.25,4.61,5815,75,"France",638
"Ly-5543","Les Reaudins",48.4,3.16,5800,50,"France",639
"Gif-5510","Roc'h Avel",48.58,-4.58,5800,100,"France",640
"Sac-2031","Castelo Belinho",37.1845,-8.5508,5790,70,"Portugal",641
"GX-25856","Cueva del Miron",43.2567,-3.4637,5790,90,"Spain",642
"Ly-3750","Le Culot",49.38,3.43,5790,130,"France",643
"Ly-4687","Roquemissou",44.41,2.73,5785,105,"France",644
"Ua-32670","Monte dos Remedios",42.282,-8.7531,5780,40,"Spain",645
"Bln-304","Horne Lefantovce",48.41,18.16,5775,140,"Slovakia",646
"R-904","Grotta del Mitreo",45.7505,13.675,5770,60,"Italy",647
"Gif-5763","Saint just",47.76,-1.95,5770,80,"France",648
"Ly-6952","Charrette",46.56389,4.90917,5765,65,"France",649
"Ly-8831","Hebecrevon",49.12694,-1.165,5765,50,"France",650
"Gif-5061","Quebarn",47.83,-4.23,5760,120,"France",651
"Hela-1335","Tamula",57.8379,26.9866,5760,45,"Estonia",652
"Gif-1309","Barnenez F",48.6,-3.86,5750,150,"France",653
"UB-305","Ballynagilly",54.71,-6.85,5745,90,"Ireland",654
"Ly-180","Les Ouchettes",45.81944,-0.72417,5745,60,"France",655
"Poz-10391","Ca l'Estrada",41.604,2.3805,5740,40,"Spain",656
"Beta-166467","Cova Sant Martí",38.4395,-0.6295,5740,40,"Spain",657
"Ua-20492","Prazo",41.1432,-7.373,5735,50,"Portugal",658
"LTL-2961A","Casino San Matteo",41.8667,15.2122,5728,45,"Italy",659
"Beta-221900","Codella",42.1618,2.462,5720,60,"Spain",660
"Ly-719","Beaumont",47.91667,3.56667,5705,70,"France",661
"Ly-486","Wittenheim",47.80806,7.3375,5705,60,"France",662
"Gif-6749","Lo Pla del Bach",42.45,2.06,5700,80,"France",663
"GrN-7692","Saspów",50.25,19.75,5700,135,"Poland",664
"Bln-3191","Timkovo",47.875,29.2811,5700,50,"Ukraine",665
"Beta-241657","Bapska",45.18,19.27,5690,40,"Croatia",666
"Gif-4024","Les Sablins",50.51,1.65,5690,120,"France",667
"KN-I.375","Racibórz-Ocice",50.0833,18.2,5690,75,"Poland",668
"KN-2273","Siggeneben-Süd",54.27,11.05,5690,60,"Germany",669
"Bln-1810","Krusza Zamkowa",53.38333,21.7,5680,60,"Poland",670
"Ly-7598","Mably",46.08667,4.06528,5680,60,"France",671
"Ly-3785","Pas de la Charmate",45.06,5.38,5680,130,"France",672
"Bln-3686","Uhyst",51.37,14.52,5670,60,"Germany",673
"LTL-048A","Carpignano Salentino",40.2121,18.3443,5665,30,"Italy",674
"Lv-365","Chazelles",44.33,4.33,5660,110,"France",675
"VRI-207","Frankenau",47.5,16.5,5660,100,"Austria",676
"Beta-221903","La Dou",42.1106,2.4406,5660,50,"Spain",677
"Gif-7703","Sandun",47.33,2.56,5660,100,"France",678
"KN-I.568","Schwalheim",50.35,8.76667,5660,40,"Germany",679
"Z-2114","Bukovnica",46.6917,16.3233,5650,110,"Slovenia",680
"Ly-6481","Les Fiefs",48.23,2.45,5650,55,"France",681
"Gif-6844","Petit Mont",47.53,-2.9,5650,70,"France",682
"Ly-9164","Quintarie",43.62806,3.43306,5645,55,"France",683
"UBAR-470","Kobaederra",43.3633,-2.622,5630,100,"Spain",684
"Gif-5005","piece de Pincevent",48.36,2.88,5630,120,"France",685
"Ly-7356","Ruffey sur Seille",46.748,5.49611,5623,55,"France",686
"Z-1044","Ajdovska jama",45.9666,15.4833,5620,130,"Slovenia",687
"Gif-7618","Grand Louvre",48.86,2.33,5620,70,"France",688
"GrN-22661","Spiere-De Hel",50.7167,3.3667,5620,80,"Belgium",689
"Ly-7096","l'Aulp du Seuil",45.3674,5.9027,5615,105,"France",690
"Gif-7713","Le Boisanne",48.53,-2,5610,70,"France",691
"Gif-3354","Etang David, Chichery",47.38,4.51,5600,120,"France",692
"Ly-5311","Aux Cramails",44.76306,0.25028,5599,69,"France",693
"Gif-5234","Ty Floc'h",48.15,4.16667,5580,120,"France",694
"Ly-7194","HIRSOVA TELL",44.6833,27.9333,5575,65,"Romania",695
"GrN-18320","Las Torrazas",41.0231,-0.1589,5570,60,"Spain",696
"Gif-7705","L'Ouche de Beauce",48.38,2.38,5570,70,"France",697
"GrN-5035","Sarnowo",54.1333,20.65,5570,60,"Poland",698
"Ly-4498","Sierentz",47.56,7.45,5570,100,"France",699
"KIA-16407","Murska Sobota–Nova Tabla",46.6581,16.1615,5566,99,"Slovenia",700
"Gif-89160","Derrière les Prés",49.06,-0.05,5560,140,"France",701
"Ly-131","Fontenay-le-Marmion, La Hoguette",49.1,-0.37,5560,150,"France",702
"Gif-9143","Abri des Usclades",43.98,3.25,5550,70,"France",703
"Bln-4667","Carpin",53.35,13.25,5550,51,"Germany",704
"Ly-2455","Barbuise-Courtavant",48.55,3.5833,5530,150,"France",705
"Vs-808","Daktariske",55.77,22.42,5530,110,"Lithuania",706
"Gif-6316","Les Pichelots",47.31,-1.5,5530,70,"France",707
"KIA-26992","Sodolek",46.5856,16.01,5524,37,"Slovenia",708
"Gif-3826","Les Planches",46.91,5.76,5520,130,"France",709
"Bln-4221","Prenzlau",53.3167,13.8667,5520,100,"Germany",710
"Gif-5002","Les longues Raies",48.91,2.76,5510,140,"France",711
"Hv-19715","Einbeck, Kühner Höhe",51.81667,9.86667,5505,125,"Germany",712
"KIA-22920","Malečnik",46.5558,15.6974,5505,38,"Slovenia",713
"KN-I.413","Heilbronn-Neckargartach, Hetzenberg",49.14028,9.22,5500,60,"Germany",714
"LU-2349","Prekop",55.38,13.48,5500,60,"Sweden",715
"KN-I.664","Bergheim",51.1,9.63333,5490,95,"Germany",716
"H-206/219","Michelsberg",48.61667,9.78333,5482,100,"Germany",717
"KN-I.574","Mayen",50.33333,7.21667,5480,105,"Germany",718
"Hv-1331","Boitsfort",50.8,4.4,5460,120,"Belgium",719
"Ly-8528","Les Sablons",48.15833,3.26417,5455,55,"France",720
"B-4774","Egolzwil 3",47.1833,8,5450,60,"Switzerland",721
"Gif-8479","Frigouras",44.13,5.95,5450,100,"France",722
"Poz-10840","Kivisaare",58.3783,25.9419,5450,40,"Estonia",723
"Le-960","Zazenie",54.4,27.06667,5450,75,"Belarus",724
"Ly-8685","Saint Priest",45.7,4.91,5445,60,"France",725
"GrN-5134","Polivanov-Jar",48.53333,27.03333,5440,70,"Ukraine",726
"Lv-599","Kemmelberg",50.7833,2.8167,5430,100,"Belgium",727
"Ly-418","Orval",46.72667,2.4825,5420,60,"France",728
"UCLA-1691F","Feldmeilen-Vorderfeld",47.2833,8.6167,5415,60,"Switzerland",729
"R-157","Grotta del Pertusello",42.7753,12.5499,5400,90,"Italy",730
"KN-2877","Koslar 10",50.91667,6.31667,5400,140,"Germany",731
"GrN-15331","Monte da Olheira",41.15,-8.03333,5400,40,"Portugal",732
"Ua-22172","Oxie",55.5405,13.0987,5395,60,"Sweden",733
"Gif-8999","Grotte des Teppes",46.43,5.33,5390,50,"France",734
"Gif-165","Ile Carn 2",48.57,-4.68,5390,150,"France",735
"GrN-6275","Oldendorf:Totenstadt IV-54",53.95,9.45,5385,40,"Germany",736
"GrN-14599","Padre Areso",42.6897,-1.1477,5380,100,"Spain",737
"Ly-5465","Cormail",45.04417,3.88583,5375,115,"France",738
"K-750","Christiansholm Mose",55.6667,12.5833,5370,100,"Denmark",739
"GrN-12277","Drachenloch I (Hoehle I zu II)",46.9097,9.4428,5370,35,"Switzerland",740
"Gif-7693","Locmariaquer Er Grah",47.56,-2.95,5370,70,"France",741
"Ly-7437","Marly",49.06,6.15,5360,55,"France",742
"MC-2057","Scaffa Piana",42.68,9.2,5360,100,"France",743
"LTL-2164A","Marsico Vetere",40.3771,15.8227,5348,60,"Italy",744
"KN-2274","Ilsfeld",49.05548,9.24598,5340,125,"Germany",745
"Lv-216","Mesvin",50.4333,3.9667,5340,150,"Belgium",746
"Gif-5765","Languidic",47.83,-3.16,5330,80,"France",747
"Gif-5165","Montbelliard",47.5167,6.8,5320,120,"France",748
"UCLA-1785","Zürich, Wollishofen",47.41,8.52,5320,60,"Switzerland",749
"Hv-?","Klein Lengden, Lengder Burg",51.4972,10.007,5305,85,"Germany",750
"Gif-9956","Abri des Rocs",46.73,0.53,5300,50,"France",751
"Beta-223873","Ballyroan",54.8482,-5.855,5300,80,"Ireland",752
"UtC-5704","Swifterbant",52.57,5.58,5300,50,"Netherlands",753
"Le-640","Vulkaneshty-2",45.68417,28.40278,5300,60,"Moldova",754
"GrN-433","Wahlitz",51.17,12.08,5300,200,"Germany",755
"Ly-150","Les Longrais, Soumont-Saint-Quentin",48.9833,-0.2333,5290,150,"France",756
"UBAR-274","Cova Grioteres",41.95,2.38333,5280,90,"Spain",757
"Ki-3072","Flintbek",54.25,10.0667,5280,120,"Germany",758
"UCLA-1835 E","Meilen-Obermeilen",47.2723,8.6462,5280,60,"Switzerland",759
"Lv-623","Thielle-Mottaz (Neuchatel)",47.0333,7.0333,5280,110,"Switzerland",760
"K-2634","Barkær",56.4,10.7,5270,75,"Denmark",761
"UBAR-101","Cova del Pasteral",41.91667,2.5,5270,70,"Spain",762
"Ly-3020","Malvoisin",43.8,5.01,5270,140,"France",763
"Ua-32360","Hyllie",55.562,12.9755,5260,50,"Sweden",764
"Gif-4356","La Carrière Merque",50.01,1.98,5250,120,"France",765
"KIA-20230","Oudenaarde-Donk",50.84278,3.59833,5250,30,"Belgium",766
"GrN-15281","Riparo del Lauro 2",43.9097,10.2419,5250,40,"Italy",767
"GrN-7012","Thieusies",50.5167,4.05,5250,45,"Belgium",768
"LU-1441","Carrowmore",54.27,-8.53,5240,80,"Ireland",769
"K-4891","Kongemosen 3 (Kongemos",55.55,11.63,5240,65,"Denmark",770
"GrN-7160","Sengkofen",48.91667,12.28333,5240,40,"Germany",771
"KN-I.585","Höingen",50.71667,8.91667,5230,90,"Germany",772
"H-61/149","Thayngen, Weier",47.73,8.7,5222,130,"Switzerland",773
"Beta-118361","Corbally",53.1612,-6.7408,5220,80,"Ireland",774
"Gif-5840","Sente Saillancourt",49.08,2,5220,110,"France",775
"B-2601","Pleigne, Löwenburg",47.4,7.2833,5210,100,"Switzerland",776
"Hv-?","Rössing",52.18333,9.81667,5205,70,"Germany",777
"KIA-29952","Baabe",54.3583,13.7072,5203,36,"Germany",778
"Beta-71658","Laholm 197",56.5076,13.0455,5200,60,"Sweden",779
"B-2698","Twann",47.1,7.15,5200,90,"Switzerland",780
"GrN-7633","Osterwick-Höven",52.01667,7.2,5195,65,"Germany",781
"GrN-18782","Peña Oviedo",43.1479,-4.7289,5195,25,"Spain",782
"Ki-2863","Bürgstadt, Bürgstadter Berg",49.71361,9.27139,5190,120,"Germany",783
"BM-2227A","Ferriters Cove",52.16,-10.5,5190,110,"Ireland",784
"AAR-8542","Lisbjerg Skole",56.2194,10.1572,5190,90,"Denmark",785
"Gif-9080","Abri de la Coma Franceze",42.83,2.91,5180,60,"France",786
"Ki-1285","Bistoft",54.7,9.5333,5180,60,"Germany",787
"UCLA-1824","Greifensee-Storen/Wild",47.36,8.68,5180,70,"Switzerland",788
"B-659","Vallon-des-Vaux",46.78,6.78,5180,120,"Switzerland",789
"Bln-2137","Veselyi Kut",49.36667,30.53333,5180,65,"Ukraine",790
"Gif-2342","Vitteaux, Oppidum Myard",47.4,4.53,5175,135,"France",791
"Beta-152195","Enagh",53.6947,-7.7326,5170,70,"Ireland",792
"UCLA-1809A","Feldbach",47.23,8.78,5170,70,"Switzerland",793
"Lv-625","Muntilier (Fribourg)",46.8,7.15,5170,130,"Switzerland",794
"Ua-18718","Skumpaberget",63.0839,18.3501,5170,65,"Sweden",795
"AAR-4998","Wangels",54.2717,10.7639,5165,45,"Germany",796
"Ua-29267","Veddige 128",57.2679,12.3345,5160,78,"Sweden",797
"UB-2030","Dooey's Cairn, Ballyma",55.01,-6.41,5150,90,"Ireland",798
"UCLA-1772 B","Zürich, Großer Hafner",47.36,8.58,5145,70,"Switzerland",799
"Lu-1696","Corsier, Port",46.2667,6.2,5140,120,"Switzerland",800
"Gif-3099","Liscuis en Laniscat",48.21,-3.13,5140,100,"France",801
"Gif-2634","Mannlefelsen",47.45,7.23,5140,140,"France",802
"GrN-22443","Orca do Picoto do Vasco 1",40.65,-7.91667,5140,40,"Portugal",803
"AAR-6944","Knoglebo",56.1427,8.4664,5135,45,"Denmark",804
"B-2559","Auvernier",46.9667,6.8666,5130,120,"Switzerland",805
"AAR-4452/KML 49,5/76,0: 5038","Akonge",55.5783,11.5266,5120,40,"Denmark",806
"AAR-4031","Lollikhuse",55.758,12.0016,5120,55,"Denmark",807
"K-6444","Bodal Mose",55.71,11.72,5110,75,"Denmark",808
"AAR-6945","Skolæstbo",56.1427,8.4664,5110,40,"Denmark",809
"KN-4586","Oberntudorf",51.65,8.66667,5105,45,"Germany",810
"GrN-14713","Tankardstown",52.42,-8.62,5105,45,"Ireland",811
"Ua-22409","Trossla",58.9556,17.5419,5105,45,"Sweden",812
"Le-1060","Kliscev",51.2,29.0833,5100,50,"Ukraine",813
"OxA-1906","Poulnabrone",53.05,-9.15,5100,80,"Ireland",814
"Ua-20582","Almhov",55.562,12.9755,5095,45,"Sweden",815
"UB-205","Mad Man's Window, Glen",54.98,-5.93,5095,120,"Ireland",816
"GrN-5962","Rijckholt",50.7992,5.7319,5090,40,"Netherlands",817
"GrN-20179","Knowth",53.70194,-6.49417,5080,20,"Ireland",818
"K-3463","Mosegården",55.4333,9.9167,5080,90,"Denmark",819
"K-4371","Ringkloster",56.0333,9.9333,5080,70,"Denmark",820
"Ua-4952","Stora Förvar",57.2879,17.9759,5070,75,"Sweden",821
"Bln-1312","Broniewice",50.9333,21.1667,5060,60,"Poland",822
"DIC-719","Bronocice",50.3333,20.35,5060,110,"Poland",823
"Ly-225","Les Coudoumines",42.75,2.56,5060,45,"France",824
"LJ-1293","Seeberg, Burgäschisee-Süd",47.1694,7.6683,5060,35,"Switzerland",825
"AAR-4993","Muldbjerg",56.15,8.4833,5050,45,"Denmark",826
"Ua-10899","Tjugestatorp",59.3276,14.8073,5050,90,"Sweden",827
"UB-535","Carnanbane",54.75,-6.82,5045,95,"Ireland",828
"KN-2376","Hutberg",51.36667,12.08333,5040,60,"Germany",829
"Ly-7484","Les Ressours",46.8,1.63,5040,70,"France",830
"AAR-3316","Smakkerup Huse",55.6846,11.2328,5040,65,"Denmark",831
"UBA-14759","Baltinglass",52.9403,-6.7111,5031,25,"Ireland",832
"UtC-3324","Brakel, Hellenberg",51.71667,9.18333,5030,70,"Germany",833
"Beta-197972","Caledon",54.363,-6.8257,5030,70,"Ireland",834
"GrN-11762","Heek",52.1167,7.1,5030,70,"Germany",835
"AAR-1850","Løjesmølle skov (Mosen Ved)",55.55,11.4,5030,90,"Denmark",836
"K-5057","Øgårde I",56.1427,8.4664,5030,90,"Denmark",837
"Hd-17524","Dauernheim, Alteburg",50.36667,8.95,5027,39,"Germany",838
"Ua-17207","Kallmossen",59.6286,18.0043,5025,60,"Sweden",839
"Ua-32969","Lisselang 2",58.9834,17.9176,5025,45,"Sweden",840
"OxA-5677","Reuvieu Cave",50.2167,4.95,5025,65,"Belgium",841
"AAR-3104","Jordlose Mose",55.2,10.1667,5020,60,"Denmark",842
"GrN-5957","Phyn",47.58,8.93,5020,40,"Switzerland",843
"Ki-520","Shkarovka",49.76667,30.18333,5015,105,"Ukraine",844
"AAR-8552","Rødhals",55.9199,11.0847,5014,50,"Denmark",845
"Poz-22589","Åle",55.8871,9.5623,5010,35,"Denmark",846
"K-1659","Lindebjerg",55.4,11.5,5010,100,"Denmark",847
"K-1473","Præstelyngen",55.6,11.5833,5010,100,"Denmark",848
"Ua-4023","Fågelbacken",59.1534,17.807,5005,75,"Sweden",849
"UBA-14733","Clowanstown",53.5242,-6.5876,5003,32,"Ireland",850
"OxA-2895","Limensgard",55.05,14.9166,5000,70,"Denmark",851
"UBA-14796","Monanny",53.9885,-6.7154,5000,29,"Ireland",852
"Wk-17459","Waterunder",53.7291,-6.387,4998,41,"Ireland",853
"GrN-4203","Niederwil",47.5794,8.7181,4990,60,"Switzerland",854
"Bln-2480","Varvarovka 15",47.9167,28.3,4990,60,"Ukraine",855
"AAR-1851.2","Målevgård",55.75,12.33333,4980,75,"Denmark",856
"B-881","Schenkon",47.16,8.13,4980,120,"Switzerland",857
"K-1570","Vroue Hede II",56.43,9.05,4980,100,"Denmark",858
"UBA-14801","Haggardstown",53.8783,-6.4002,4974,30,"Ireland",859
"UBA-14805","Russelltown",52.8384,-6.9008,4971,31,"Ireland",860
"Ua-15817","Fosie",55.5667,12.9999,4970,85,"Sweden",861
"K-2254","Rustrup I",56.1167,9.5167,4970,100,"Denmark",862
"UBA-14787","Cherryville",53.1554,-6.9721,4968,29,"Ireland",863
"K-2192","Norsminde",56.0167,10.2667,4960,100,"Denmark",864
"K-4771","Snævret Hegn",56.067,12.3691,4960,90,"Denmark",865
"K-2775","Tommerup mose IV",55.68,11.17,4960,65,"Denmark",866
"UB-2115","Tully, Aldergrove Airp",54.46,-7.82,4960,85,"Ireland",867
"AAR-5004","Visborg",56.7354,10.1486,4955,60,"Denmark",868
"UBA-14656","Caw",55.0094,-7.2788,4950,39,"Ireland",869
"Ua-19304","Svågertorp industi.",55.5547,12.9937,4950,55,"Sweden",870
"K-6299","Ferle Enge",56.0833,12.3667,4940,95,"Denmark",871
"Ka-6448","S¢rbylille I",55.35,11.42,4940,80,"Denmark",872
"Ua-18716","Skogsmossen",59.2,14.2168,4940,50,"Sweden",873
"UBA-13081","Ballintaggart",54.3159,-6.3044,4939,26,"Ireland",874
"Beta-227762","Gransha",55.024,-7.2804,4930,70,"Ireland",875
"GrN-11431","Shanballyedmond",52.69,-8.25,4930,60,"Ireland",876
"UBA-14683","Granny",52.2872,-7.1653,4926,33,"Ireland",877
"UBA-14791","Pepperhill",52.2271,-8.7028,4926,30,"Ireland",878
"Ua-755","Mossby",55.4168,13.6334,4925,115,"Sweden",879
"GrN-12262","Gittrup",52.05,7.65,4920,70,"Germany",880
"K-6297","Paarup",56.0667,12.2833,4920,95,"Denmark",881
"Ua-34229","Bunkeflostrand",55.5554,12.9192,4910,45,"Sweden",882
"AAR-4999","Rosenhof",54.1423,10.9407,4910,50,"Germany",883
"K-3124","Rude",56,10.2333,4910,90,"Denmark",884
"POZ-28068","Højensvej",55.0445,10.5275,4900,40,"Denmark",885
"UCLA-1671B","Evminka",50.85,30.83333,4890,60,"Ukraine",886
"Bln-2087","Maidanets'ke",50.43333,30.51667,4890,50,"Ukraine",887
"KIA-36142","Ullerødgaard",55.9101,12.5083,4890,90,"Denmark",888
"UBA-14403","Kerlogue",52.3168,-6.4595,4883,26,"Ireland",889
"Ua-21548","Lockarp",55.5334,13.0333,4880,50,"Sweden",890
"Ua-18921","Lunnebjar",55.5554,12.9192,4880,70,"Sweden",891
"Bln-631","Čapaevka",47.3,35.5167,4870,100,"Ukraine",892
"Ka-6445","Orelund Mose I",55.6167,11.5,4870,70,"Denmark",893
"Hd-17025","Rimbeck, Weißes Holz",51.53333,9.05,4860,27,"Germany",894
"K-3778","Ulkestrup Lyng",55.62,11.53,4860,135,"Denmark",895
"UBA-14408","Caherabbey Upper",52.3832,-7.945,4856,30,"Ireland",896
"Beta-134226","Cloghers, Co. Kerry",52.2667,-9.7167,4850,40,"Ireland",897
"K-919","Konens Høj",56.46667,10.05,4850,100,"Denmark",898
"UBA-14752","Castletown Tara",53.5912,-6.6324,4847,30,"Ireland",899
"K-2291","Dragsholm",55.48,11.24,4840,100,"Denmark",900
"AMS-2","Sigersted",55.4294,11.7286,4840,70,"Denmark",901
"Vs-420","Vilnius",54.68,25.3,4840,100,"Lithuania",902
"UBA-14670","Kilsheelan",52.3617,-7.5831,4839,30,"Ireland",903
"UB-694","Ballymacdermot",54.17,-6.38,4830,95,"Ireland",904
"AAR-8515","Kildevang",56.2194,10.1572,4823,35,"Denmark",905
"UBA-14749","Kilgobbin",53.2543,-6.2185,4822,44,"Ireland",906
"KN-I.243","Gródek Nadbuzny",53.5167,18.3667,4820,40,"Poland",907
"Kn-103","Värby",55.58,13.18,4820,100,"Denmark",908
"Ua-16204","Vintriediket",55.5334,13.0333,4820,75,"Sweden",909
"GrA-22167","Hindbygården",55.5334,13.0333,4810,60,"Sweden",910
"UBA-14806","Ballybannon",52.7861,-6.9467,4809,30,"Ireland",911
"UBA-14798","Newrath",52.9796,-6.8531,4809,26,"Ireland",912
"GrN-10469","Ballintruer More",52.99,-6.68,4800,70,"Ireland",913
"St-3310","Heberg",57.46694,11.99472,4800,130,"Sweden",914
"UBA-14792","Marfield",52.3459,-7.7647,4800,31,"Ireland",915
"LuS-9184","Stensborg",59.5983,16.5302,4800,50,"Sweden",916
"Ua-11857","Petersborg",55.5334,13.0333,4795,60,"Sweden",917
"Poz-26157","Krabbesholm II",56.5723,9.0513,4790,40,"Denmark",918
"OxA-1326","Maglemose",56.0667,12.29,4790,70,"Denmark",919
"Bln-3984","Warlin",53.56667,13.4,4790,80,"Germany",920
"UBA-14809","Suttonrath",52.3876,-7.8935,4789,24,"Ireland",921
"Ua-3369","Hjulberga",59.3501,15.1167,4780,65,"Sweden",922
"GrN-5089","Cmielów",51.1667,22.5833,4775,40,"Poland",923
"UB-412","Dundrum Nature Reserve",54.25,-5.85,4775,140,"Ireland",924
"Ua-1367","Karleby",58.15,13.6332,4775,95,"Sweden",925
"OxA-2680","Jerpoint West",52.5,-7.1667,4770,80,"Ireland",926
"AAR-9468","Vallensgard",55.1019,14.911,4770,46,"Denmark",927
"K-2632","Sarup I",55.2,10.1,4760,90,"Denmark",928
"K-6300","Undløse Mose",55.6,11.58,4760,95,"Denmark",929
"B-232","St. Léonard",46.25,7.4167,4750,100,"Switzerland",930
"K-3473","Bygholm Nørremark",55.7,9.58,4740,90,"Denmark",931
"K-5536","Kærup",57.0915,9.0156,4740,75,"Denmark",932
"Ua-32972","Lässmyran 1",58.9839,17.904,4735,65,"Sweden",933
"K-2988","Toftum",55.17,8.55,4730,90,"Denmark",934
"UBA-13082","Ballyboley",54.8036,-5.9541,4727,30,"Ireland",935
"B-5340","Arbon, Bleiche 3",47.5167,9.4333,4720,60,"Switzerland",936
"Bln-927","Niedzwiedz",51.4833,17.8833,4715,100,"Poland",937
"K-2356","Ølstykke",55.78333,12.18333,4710,100,"Denmark",938
"K-3748","Porsmose",55.23333,11.76667,4710,90,"Denmark",939
"GrN-5045","Radziejów",52.61667,18.53333,4710,40,"Poland",940
"Beta-230117","Gortenny",55.0223,-7.1815,4700,80,"Ireland",941
"Ua-3543","Grottan",57.7393,18.4047,4700,80,"Sweden",942
"GrN-16492","Heek-Ammerter Mark",50.87583,5.8625,4700,40,"Netherlands",943
"Ki-1204","Krasnostavka",51.35,32.3333,4700,90,"Ukraine",944
"K-3779","Maglelyng 3",55.55,11.6333,4700,65,"Denmark",945
"SI-1450","Ballyglass (Ma.13)",54.3,-9.4,4680,95,"Ireland",946
"Ua-15444","Fredriksberg",60.1381,14.3798,4680,70,"Sweden",947
"K-3745","Sigersdal Mose",55.75,12.25,4680,75,"Denmark",948
"BM-170","Townleyhall, Co. Louth",53.7028,-6.4492,4680,150,"Ireland",949
"GrN-9708","Ardcrony",52.88,-8.15,4675,35,"Ireland",950
"K-4215","Hanstedgård",55.87194,9.88111,4670,80,"Denmark",951
"Ua-17860","Nyskottet",59.8834,16.983,4670,95,"Sweden",952
"K-1766","Herrup",56.4,8.91667,4650,100,"Denmark",953
"OxA-2678","Phoenix Park, Dublin",53.36667,-6.33333,4650,70,"Ireland",954
"K-1724","Solager",55.95,11.9,4650,100,"Denmark",955
"K-4979","Kildegård",56.1427,8.4664,4630,85,"Denmark",956
"Vs-321","Nida",55.3,21,4630,120,"Lithuania",957
"GrN-13184","Odoorn",52.85,6.85,4630,60,"Netherlands",958
"UtC-1921","Schokland/P-14",52.63333,5.8,4630,70,"Netherlands",959
"GrN-5044","Zarebowo",52.75,18.6,4625,40,"Poland",960
"K-2277","Lohals",55.1333,10.9167,4620,100,"Denmark",961
"Ua-26850","Skee 1616",58.9266,11.2686,4615,40,"Sweden",962
"K-4982","Holmene",55.9522,12.3587,4610,85,"Denmark",963
"Ua-6937","Östra Vrå",58.95,16.4318,4600,60,"Sweden",964
"GrN-12084","Siddeburen",53.25,6.86806,4600,60,"Netherlands",965
"K-2778","Snoldelev Mose",55.57,12.13,4600,90,"Denmark",966
"K-6298","Hesselbjerg",55.35,11.15,4590,95,"Denmark",967
"OxA-2708","Rossberga",58.23333,13.6,4590,120,"Sweden",968
"OxA-2681","Lisduggan North",52.1833,-8.9,4585,80,"Ireland",969
"KN-2662","Aachen, Lousberg",50.7708,6.1053,4580,140,"Germany",970
"Bln-1314","Matwy",52.7667,18.25,4580,50,"Poland",971
"K-6306","Ulvemose",55.43,11.48,4580,90,"Denmark",972
"GrA-102","Slootdorp-Kreukelhof",52.8425,4.97222,4570,30,"Netherlands",973
"Ka-6452","Verup Mose II",55.57,11.52,4570,150,"Denmark",974
"GrN-13441","Groningen-Winschoterdiep",53.21667,6.6,4565,35,"Netherlands",975
"KiA-6987","Odagsen I",51.7833,9.8833,4564,26,"Germany",976
"GrN-16708","Schokkerhaven-E 170/171",52.61667,5.75,4555,40,"Netherlands",977
"K-2432","Dorthealund N",55.85,9.6,4550,100,"Denmark",978
"K-2954","Klokkehoj",55.105,10.0997,4550,65,"Denmark",979
"OxA-3265","Poulawack",53.03333,-9.15,4550,65,"Ireland",980
"GrN-16040","Schöppingen-Haidberg",52.1,7.23333,4550,60,"Germany",981
"K-1601","Foulum",56.5,9.5833,4540,110,"Denmark",982
"Lu-257","Ramshög",55.4086,14.1669,4540,90,"Sweden",983
"UB-361","Newgrange",53.71,-6.49,4535,105,"Ireland",984
"K-5741","Østrup",55.5333,11.6167,4530,90,"Denmark",985
"K-5537","Borremose",54.7667,11.5167,4525,90,"Denmark",986
"GrN-7746","Harderwijk, Beekhuizer",52.35,5.6333,4520,70,"Netherlands",987
"Bln-1807","Szczecin-Ustowo",53.42,14.58,4510,80,"Poland",988
"Hv-8450","Flögeln",53.6667,8.8167,4500,65,"Germany",989
"AAR-7061","Storelyng VI",55.5783,11.5266,4500,45,"Denmark",990
"St-6911","Alvastra",58.3,14.65,4490,95,"Sweden",991
"K-3515","Kellerød",55.56667,11.23333,4490,65,"Denmark",992
"H-922-1283","Neukirchen-Sütel",54.33333,11.05,4490,60,"Germany",993
"UZ-4088","Groß Upahl",53.71667,12.05,4480,75,"Germany",994
"GrN-18785","Dalen-Huidbergsveld",52.69917,6.75556,4460,80,"Netherlands",995
"K-2127","Vindinge C",55.31667,10.75,4460,100,"Denmark",996
"K-1982","Vester Årup",56.76667,9.53333,4450,100,"Denmark",997
"K-727","Tustrup",56.48333,10.55,4440,120,"Denmark",998
"K-717","Ferslev",56.95,9.9,4430,120,"Denmark",999
"GrA-14296","Valtorp",58.2335,13.6499,4430,40,"Sweden",1000
"K-4050","Fannerup I",56.4,10.71667,4420,95,"Denmark",1001
"GrN-4200","Angelslo",52.78333,6.93333,4415,65,"Netherlands",1002
"GrN-1824C","Anlo",53.04417,6.70139,4410,60,"Netherlands",1003
"KN-I.494","Heringsdorf-Süssau",54.3,11.01667,4410,40,"Germany",1004
"KN-I.506","Oldenburg-Dannau",54.25,10.53333,4400,40,"Germany",1005
"K-2270","Lidsø",54.68333,11.33333,4390,100,"Denmark",1006
"GrN-6156","Glimmer Es, Haren",53.16667,6.6,4380,40,"Netherlands",1007
"K-4073","Spodsbjerg",54.93333,10.83333,4370,70,"Denmark",1008
"UZ-4089","Liepen",53.88333,13.46667,4340,75,"Germany",1009
"K-1789","Øster Ristoft XIV",56.08333,8.25,4310,100,"Denmark",1010
"Bln-1495","Poganice",54.45694,17.41306,4295,70,"Poland",1011
"GrA-14299","Gökhem 31",58.1832,13.4002,4290,40,"Sweden",1012
"GrA-15459","Noordbarge",52.76667,6.9,4290,60,"Netherlands",1013
"Bln-472","Gnewitz",54.08333,12.51667,4250,100,"Germany",1014
"K-4026","Tibirke, Ellemose",56.05,12.11667,4250,85,"Denmark",1015
"GrN-12414","Nottuln",51.93333,7.35,4240,60,"Germany",1016
"Lu-254","Carlshögen",55.43333,14.13333,4230,65,"Sweden",1017
"OxA-2888","Grødbygård",55.1,14.98333,4190,70,"Denmark",1018
"Vs-967","Šventoji",56.015,21.0847,4120,110,"Lithuania",1019
"K-2115","Kornerup",55.63333,11.98333,4090,100,"Denmark",1020
"Lv-290","Chaumont-Gistoux",50.66667,4.71667,4040,90,"Belgium",1021
"UZ-2988/ETH-10237","Eschenbach",47.23333,8.91667,4020,65,"Switzerland",1022
"Bln-991","Lancken-Granitz",54.36667,13.63333,3990,120,"Germany",1023
"TUa-2988","Austbø",58.9908,5.7482,3805,75,"Norway",1024
"Bln-990","Poggendorfer Forst",54.03333,13.15,3795,100,"Germany",1025
"TUa-1838","Ha°bakken",58.7326,5.6725,3710,65,"Norway",1026
"Tua-1846","Ja°tta",58.9135,5.7061,3670,55,"Norway",1027
"Beta-118741","Soma",58.8649,5.6964,3640,40,"Norway",1028
"TUa-2601","Voll 27",59.1255,5.617,3560,55,"Norway",1029
